Subreddit,Time,Message_ID,Message_Author,Message_Content,Reply_To,Pragmatic_Inferences,most_salient_inference,inference_type,as_intended,PRE/IMP,aggressive,note,,,,,
climateskeptics,,v82tge,giaaaaa1,"""post_title"": please take this survey üôè

""post_content"": I need help finishing a group project for school.  I need this survey done so we have data
https://docs.google.com/forms/d/e/1FAIpQLSc1BsTJ5UGuUvx2mM_NctxvwYIwS3MVs82D2R6aFpqoaUf1cw/viewform",,literal,,,no,,NAG,,,,,,
climateskeptics,6/9/2022 2:40,ibocpqi,CyanHakeChill,"We are skeptics. We don't believe that CO2 or methane are significantly affecting the climate. The sea level is rising by about 6 inches in 100 years, so we may need to put another brick on the sea walls every 50 years.",v82tge,"{""content"":""The speaker believes climate change is less serious than the survey assumes."", ""type"":""representatives""}",The speaker believes climate change is less serious than the survey assumes.,representatives,no,IMP,NAG,,,,,,
climateskeptics,6/9/2022 2:44,ibod82w,tensigh,"Sorry, I stopped taking it, it's a pretty skewed survey.",v82tge,"{""content"":""The speaker does not think the survey is objective."", ""type"":""representatives""}",The speaker does not think the survey is objective.,representatives,no,IMP,OAG,pretty skewed,,,,,
climateskeptics,6/9/2022 2:47,ibodiur,giaaaaa1,Why is it skewed to you ? You have an option to state that you don't believe or feel strongly .,ibod82w,"{""content"":""The OP thinks the survey design permits respondents to express doubt."", ""type"":""representatives""},{""content"":""The OP finds the hearer's claim that the survey is skewed unfair."", ""type"":""directives""}   ",The OP finds the hearer's claim that the survey is skewed unfair.,directives,no,IMP,NAG,,,,,,
climateskeptics,6/9/2022 2:51,iboe0qw,giaaaaa1,"While I respect your opinion, it is completely wrong . Co2 and  methane are impacting the climate and it is not something that is a mystery.  Taking this survey doesn't mean that you believe in climate change because you have an opportunity to vote a 1out of 10  so.....",ibocpqi,"{""content"":""The OP is firm about the influence of CO‚ÇÇ and methane on climate change and claims that this is widely known."", ""type"":""representatives""},{""content"":""The survey does not intend to change people's ideas on climate change."", ""type"":""representatives""} ",The OP is firm about the influence of CO‚ÇÇ and methane on climate change and claims that this is widely known.,representatives,no,IMP,NAG,,,,,,
climateskeptics,6/9/2022 2:57,iboepr3,CyanHakeChill,"Which scientist told you that CO2 and methane are significantly impacting the climate? Give me his name and qualifications.

Here are over 30,000 scientists who agree with me.
http://www.petitionproject.org/",iboe0qw,"{""content"":""The speaker questions the source of information provided by the OP."", ""type"":""representatives""},{""content"":""The speaker thinks that his/her belief is shared by a large number of scientists and more credible."", ""type"":""representatives""}",The speaker questions the source of information provided by the OP.,representatives,no,IMP,NAG,,,,,,
climateskeptics,6/9/2022 3:05,ibofr21,giaaaaa1,Literally thousands of scientist have found this . I can and will send you reputable list of evidence and scientists.   Also Why do you use "his" when talking about a scientist ?a good number of scientists are woman .,iboepr3,"{""content"":""The OP thinks that his/her opinion is backed by sufficient scientific evidence."", ""type"":""representatives""},{""content"":""The OP hints that the hearer lacks the common sense expected in the scientific community."", ""type"":""expressives""}",The OP hints that the hearer lacks the common sense expected in the scientific community.,expressives,no,IMP,NAG,,,,,,
climateskeptics,6/9/2022 3:11,iboggvw,parsonis,Such a garbage survey. So woke.,v82tge,"{""content"":""The speaker is highly critical of the survey."", ""type"":""expressives""}",The speaker is highly critical of the survey.,expressives,no,IMP,OAG,,,,,,
climateskeptics,6/9/2022 3:13,ibogm8u,parsonis,"&gt;Also Why do you use ""his"" when talking about a scientist ?a good number of scientists are woman .

That's very cisnormative for you to assume someone with the preferred pronoun ""his"" has to be a man.",ibofr21,"{""content"":""The speaker criticizes the OP in return, claiming that he/she lacks common sense."", ""type"":""expressives""} ","The speaker criticizes the OP in return, claiming that he/she lacks common sense.",expressives,no,IMP,CAG,cisgender people (= people whose gender matches the body they were born with),,,,, 
climateskeptics,6/9/2022 6:05,ibp0jji,tensigh,"""Did you know climate change has an impact on people of color? 

\- Yes

\- No""

This is just a bullshit question.",ibodiur,"{""content"":""The speaker cites a question to show the low quality of the survey."", ""type"":""expressives""} ",The speaker cites a question to show the low quality of the survey.,expressives,no,IMP,OAG,,,,,,
climateskeptics,6/9/2022 6:32,ibp33sm,logicalprogressive,"&gt; Co2 and methane are impacting the climate and... blah, blah, blah

Are you here to to get a survey filled out or are you here to preach the climate alarm religion?

Update: Our young climate warrior closed his survey, most likely because he was not going to get the answers he wanted.",iboe0qw,"{""content"":""The speaker criticizes the OP for trying to convince others about climate change while deviating from the purpose of completing the survey."", ""type"":""representatives""},{""content"":""The speaker thinks that there exist a considerable number of people who try to preach climate change."", ""type"":""representatives""},{""content"":""The speaker thinks that the OP is biased in the survey."", ""type"":""expressives""}  ",The speaker thinks that the OP is biased in the survey.,expressives,no,IMP,CAG,,,,,,
climateskeptics,6/9/2022 6:49,ibp4ozi,logicalprogressive,One day you will be out in the real world. You‚Äôll be shocked to find out it isn‚Äôt woke and it doesn‚Äôt give a shit about your pronoun sensitivity syndrome.,ibofr21,"{""content"":""The speaker accuses the OP of being unrealistic and of caring about something trivial."", ""type"":""expressives""}   ",The speaker accuses the OP of being unrealistic and of caring about something trivial.,expressives,uncertain,IMP,OAG,,,,,,
climateskeptics,6/9/2022 7:52,ibpa1f5,DragonFireBreather,That question wasn't there when I took the survey but yea that sounds very racist. This whole survey is bullshit with stupid questions.,ibp0jji,"{""content"":""The speaker agrees with the others that the quality of the survey is poor."", ""type"":""representatives""}",The speaker agrees with the others that the quality of the survey is poor.,representatives,yes,IMP,OAG,,,,,,
climateskeptics,6/9/2022 8:18,ibpc0g3,tensigh,"There are very few neutral questions. It's not ""Do you believe climate change will have negative effects"", they're like ""Climate change will have negative effects, are you aware of this?""

It's like the ""do you enjoy beating your wife"" type questions.",ibpa1f5,"{""content"":""The speaker echoes the hearer in saying that the questions are biased and stupid."", ""type"":""expressives""}",The speaker echoes the hearer in saying that the questions are biased and stupid.,expressives,yes,IMP,CAG,,,,,,
climateskeptics,6/9/2022 8:23,ibpccwq,DragonFireBreather,"&gt;There are very few neutral questions. It's not ""Do you believe climate change will have negative effects"", they're like ""Climate change will have negative effects, are you aware of this?""

&gt;It's like the ""do you enjoy beating your wife"" type questions.

Yea, there are no questions like ""Do you believe in man made global warming / climate change"" 

Yes

No

Anyway this is the main question these surveys should have and my answer is no.",ibpc0g3,"{""content"":""The speaker does not believe in the climate change crisis, which is the premise of many questions in the survey."", ""type"":""representatives""},{""content"":""The speaker suggests that the survey is biased."", ""type"":""expressives""}",The speaker suggests that the survey is biased.,expressives,uncertain,IMP,CAG,,,,,,
