Subreddit,Time,Message_ID,Message_Author,Message_Content,Reply_To,Pragmatic_Inferences,most_salient_inference,inference_type,as_intended,PRE/IMP,aggressive
confessions,,uj9cof,Rxvert__,"""post_title"": I hope the universe forgives me for this

""post_content"": Wanda dies in the Dr. Strange movie because she realizes that the kids she dream about in another universe doesnâ€™t want her but their actual mom so she basically kills herself at the end",,"{""1"": {""content"": ""The post is intentionally spoiling plot details to provoke attention and reactions."", ""type"": ""representatives"", ""confidence"": 86}, ""2"": {""content"": ""The author anticipates blame for spoiling and seeks pre-emptive forgiveness."", ""type"": ""expressives"", ""confidence"": 80}, ""3"": {""content"": ""Frames Wanda\u2019s end as self-inflicted (a moral reading of her arc as suicide)."", ""type"": ""representatives"", ""confidence"": 72}, ""4"": {""content"": ""Presumes cross-universe dream-children are real within the story world."", ""type"": ""representatives"", ""confidence"": 78}}",1,representatives,yes,IMP,NAG
confessions,2022-05-06 00:46:46,i7hhwuy,LVonZ,"Your entire account is just shitposting for attention, get a hobby.",uj9cof,"{""1"": {""content"": ""Accuses OP of attention-seeking trolling and low-value posting."", ""type"": ""representatives"", ""confidence"": 90}, ""2"": {""content"": ""Attempts to command OP to change behavior (\u201cget a hobby\u201d)."", ""type"": ""directives"", ""confidence"": 88}, ""3"": {""content"": ""Displays open contempt via insult, aiming to shame the OP."", ""type"": ""expressives"", ""confidence"": 92}, ""4"": {""content"": ""Imposes a community norm that attention-bait posts are unacceptable."", ""type"": ""representatives"", ""confidence"": 75}}",1,representatives,no,IMP,OAG
confessions,2022-05-06 00:46:58,i7hhxva,Rxvert__,And she kills the whole illuminati,uj9cof,"{""1"": {""content"": ""Contributes an additional major spoiler: Wanda kills the Illuminati."", ""type"": ""representatives"", ""confidence"": 95}, ""2"": {""content"": ""Positions themself as having seen the film or credible leaks."", ""type"": ""representatives"", ""confidence"": 70}, ""3"": {""content"": ""Treats spoiler-sharing as acceptable in this context (no caution given)."", ""type"": ""expressives"", ""confidence"": 60}}",1,representatives,uncertain,IMP,NAG
confessions,2022-05-06 00:47:29,i7hi0d2,Rxvert__,Lmaooo stay made bozo the movie story is dumb asf,i7hhwuy,"{""1"": {""content"": ""Taunts the other as angry (\u201cstay mad\u201d) and insults them (\u201cbozo\u201d)."", ""type"": ""expressives"", ""confidence"": 93}, ""2"": {""content"": ""Dismisses the movie\u2019s story as very stupid."", ""type"": ""representatives"", ""confidence"": 85}, ""3"": {""content"": ""Signals an intent to provoke/escalate rather than discuss."", ""type"": ""representatives"", ""confidence"": 78}}",1,expressives,no,IMP,OAG
confessions,2022-05-06 00:48:05,i7hi38p,LVonZ,"Like I give a fuck about some superhero movie, you're just a cucklord with no job or friends apparently",i7hi0d2,"{""1"": {""content"": ""Professes indifference/contempt for superhero movies."", ""type"": ""expressives"", ""confidence"": 88}, ""2"": {""content"": ""Uses derogatory insult and attributes joblessness/friendlessness to target."", ""type"": ""expressives"", ""confidence"": 96}, ""3"": {""content"": ""Projects a stereotype that people engaged here lack jobs/friends."", ""type"": ""representatives"", ""confidence"": 70}, ""4"": {""content"": ""Intends to troll and provoke rather than engage substantively."", ""type"": ""representatives"", ""confidence"": 80}}",4,representatives,yes,IMP,OAG
confessions,2022-05-06 01:10:39,i7hl165,TOTALREDDITMODDEATH,Is Deadpool in it?,uj9cof,"{""1"": {""content"": ""Requests spoiler information about a possible Deadpool cameo."", ""type"": ""directives"", ""confidence"": 92}, ""2"": {""content"": ""Assumes cross-franchise cameos are plausible in this film."", ""type"": ""representatives"", ""confidence"": 85}, ""3"": {""content"": ""Signals personal interest tied to Deadpool\u2019s appearance."", ""type"": ""expressives"", ""confidence"": 70}}",1,directives,yes,IMP,NAG
confessions,2022-05-06 01:12:58,i7hlbv1,Rxvert__,"No Mr fantastic, professor X, agent carter a black captain marvel and some dude that makes super sonic waves with one word and wanda kills all of them under 10 minutes",i7hl165,"{""1"": {""content"": ""Directly answers: no Deadpool; lists other cameos."", ""type"": ""representatives"", ""confidence"": 95}, ""2"": {""content"": ""States that these powerful characters are swiftly killed by Wanda."", ""type"": ""representatives"", ""confidence"": 90}, ""3"": {""content"": ""Highlights race (\u201ca black Captain Marvel\u201d) as notable, reflecting identity salience."", ""type"": ""representatives"", ""confidence"": 65}, ""4"": {""content"": ""Implies the sequence is perfunctory/cheap by noting it takes under 10 minutes."", ""type"": ""representatives"", ""confidence"": 75}}",4,representatives,yes,IMP,NAG
confessions,2022-05-06 01:14:21,i7hli5d,TOTALREDDITMODDEATH,Wow that's lame,i7hlbv1,"{""1"": {""content"": ""Evaluates the revealed plot choice as disappointing/lame."", ""type"": ""expressives"", ""confidence"": 92}, ""2"": {""content"": ""Suggests the film mishandles notable characters."", ""type"": ""representatives"", ""confidence"": 75}, ""3"": {""content"": ""Implicitly seeks commiseration/validation for this negative view."", ""type"": ""expressives"", ""confidence"": 60}}",1,expressives,yes,IMP,NAG
confessions,2022-05-06 01:17:17,i7hlvh5,Rxvert__,Yup,i7hli5d,"{""1"": {""content"": ""Expresses agreement with the prior negative judgment."", ""type"": ""expressives"", ""confidence"": 95}, ""2"": {""content"": ""Aligns with the stance that the cameo deaths were handled poorly."", ""type"": ""representatives"", ""confidence"": 85}, ""3"": {""content"": ""Provides minimal engagement, signaling closure/solidarity."", ""type"": ""expressives"", ""confidence"": 55}}",1,expressives,uncertain,IMP,NAG
confessions,2022-05-09 21:11:46,i7yex69,Bigahwalrus,L bozo got trolled imagine lmao,i7hi38p,"{""1"": {""content"": ""Claims the target was successfully trolled and gloats about it."", ""type"": ""representatives"", ""confidence"": 85}, ""2"": {""content"": ""Uses derisive name-calling to escalate hostility."", ""type"": ""expressives"", ""confidence"": 92}, ""3"": {""content"": ""Publicly endorses the troll, encouraging harassment dynamics."", ""type"": ""expressives"", ""confidence"": 75}}",1,representatives,uncertain,IMP,OAG
confessions,2022-05-09 21:12:09,i7yezbp,Bigahwalrus,Genius troll infinite respect my man,uj9cof,"{""1"": {""content"": ""Praises the OP as a \u201cgenius troll,\u201d endorsing the behavior."", ""type"": ""expressives"", ""confidence"": 95}, ""2"": {""content"": ""Attributes intentional trolling as the OP\u2019s motive for the post."", ""type"": ""representatives"", ""confidence"": 88}, ""3"": {""content"": ""Positions trolling as worthy of respect/status in this space."", ""type"": ""representatives"", ""confidence"": 70}}",1,expressives,uncertain,IMP,CAG
