Subreddit,Time,Message_ID,Message_Author,Message_Content,Reply_To,Pragmatic_Inferences,most_salient_inference,inference_type,as_intended,PRE/IMP,aggressive,note,Unnamed: 13,Unnamed: 14,Unnamed: 15,Unnamed: 16,Unnamed: 17
climateskeptics,,v82tge,dd0629a522,Please retrieve message content using message id from Reddit repositories,,literal,,,no,,NAG,,,,,,
climateskeptics,6/9/2022 2:40,ibocpqi,554e44f6af,Please retrieve message content using message id from Reddit repositories,v82tge,"{""content"":""The speaker believes climate change is less serious than the survey assumes."", ""type"":""representatives""}",The speaker believes climate change is less serious than the survey assumes.,representatives,no,IMP,NAG,,,,,,
climateskeptics,6/9/2022 2:44,ibod82w,9ecc6fd35d,Please retrieve message content using message id from Reddit repositories,v82tge,"{""content"":""The speaker does not think the survey is objective."", ""type"":""representatives""}",The speaker does not think the survey is objective.,representatives,no,IMP,OAG,pretty skewed,,,,,
climateskeptics,6/9/2022 2:47,ibodiur,dd0629a522,Please retrieve message content using message id from Reddit repositories,ibod82w,"{""content"":""The OP thinks the survey design permits respondents to express doubt."", ""type"":""representatives""},{""content"":""The OP finds the hearer's claim that the survey is skewed unfair."", ""type"":""directives""}   ",The OP finds the hearer's claim that the survey is skewed unfair.,directives,no,IMP,NAG,,,,,,
climateskeptics,6/9/2022 2:51,iboe0qw,dd0629a522,Please retrieve message content using message id from Reddit repositories,ibocpqi,"{""content"":""The OP is firm about the influence of CO₂ and methane on climate change and claims that this is widely known."", ""type"":""representatives""},{""content"":""The survey does not intend to change people's ideas on climate change."", ""type"":""representatives""} ",The OP is firm about the influence of CO₂ and methane on climate change and claims that this is widely known.,representatives,no,IMP,NAG,,,,,,
climateskeptics,6/9/2022 2:57,iboepr3,554e44f6af,Please retrieve message content using message id from Reddit repositories,iboe0qw,"{""content"":""The speaker questions the source of information provided by the OP."", ""type"":""representatives""},{""content"":""The speaker thinks that his/her belief is shared by a large number of scientists and more credible."", ""type"":""representatives""}",The speaker questions the source of information provided by the OP.,representatives,no,IMP,NAG,,,,,,
climateskeptics,6/9/2022 3:05,ibofr21,dd0629a522,Please retrieve message content using message id from Reddit repositories,iboepr3,"{""content"":""The OP thinks that his/her opinion is backed by sufficient scientific evidence."", ""type"":""representatives""},{""content"":""The OP hints that the hearer lacks the common sense expected in the scientific community."", ""type"":""expressives""}",The OP hints that the hearer lacks the common sense expected in the scientific community.,expressives,no,IMP,NAG,,,,,,
climateskeptics,6/9/2022 3:11,iboggvw,61d30d5265,Please retrieve message content using message id from Reddit repositories,v82tge,"{""content"":""The speaker is highly critical of the survey."", ""type"":""expressives""}",The speaker is highly critical of the survey.,expressives,no,IMP,OAG,,,,,,
climateskeptics,6/9/2022 3:13,ibogm8u,61d30d5265,Please retrieve message content using message id from Reddit repositories,ibofr21,"{""content"":""The speaker criticizes the OP in return, claiming that he/she lacks common sense."", ""type"":""expressives""} ","The speaker criticizes the OP in return, claiming that he/she lacks common sense.",expressives,no,IMP,CAG,cisgender people (= people whose gender matches the body they were born with),,,,, 
climateskeptics,6/9/2022 6:05,ibp0jji,9ecc6fd35d,Please retrieve message content using message id from Reddit repositories,ibodiur,"{""content"":""The speaker cites a question to show the low quality of the survey."", ""type"":""expressives""} ",The speaker cites a question to show the low quality of the survey.,expressives,no,IMP,OAG,,,,,,
climateskeptics,6/9/2022 6:32,ibp33sm,d138e5d824,Please retrieve message content using message id from Reddit repositories,iboe0qw,"{""content"":""The speaker criticizes the OP for trying to convince others about climate change while deviating from the purpose of completing the survey."", ""type"":""representatives""},{""content"":""The speaker thinks that there exist a considerable number of people who try to preach climate change."", ""type"":""representatives""},{""content"":""The speaker thinks that the OP is biased in the survey."", ""type"":""expressives""}  ",The speaker thinks that the OP is biased in the survey.,expressives,no,IMP,CAG,,,,,,
climateskeptics,6/9/2022 6:49,ibp4ozi,d138e5d824,Please retrieve message content using message id from Reddit repositories,ibofr21,"{""content"":""The speaker accuses the OP of being unrealistic and of caring about something trivial."", ""type"":""expressives""}   ",The speaker accuses the OP of being unrealistic and of caring about something trivial.,expressives,uncertain,IMP,OAG,,,,,,
climateskeptics,6/9/2022 7:52,ibpa1f5,1e143ea112,Please retrieve message content using message id from Reddit repositories,ibp0jji,"{""content"":""The speaker agrees with the others that the quality of the survey is poor."", ""type"":""representatives""}",The speaker agrees with the others that the quality of the survey is poor.,representatives,yes,IMP,OAG,,,,,,
climateskeptics,6/9/2022 8:18,ibpc0g3,9ecc6fd35d,Please retrieve message content using message id from Reddit repositories,ibpa1f5,"{""content"":""The speaker echoes the hearer in saying that the questions are biased and stupid."", ""type"":""expressives""}",The speaker echoes the hearer in saying that the questions are biased and stupid.,expressives,yes,IMP,CAG,,,,,,
climateskeptics,6/9/2022 8:23,ibpccwq,1e143ea112,Please retrieve message content using message id from Reddit repositories,ibpc0g3,"{""content"":""The speaker does not believe in the climate change crisis, which is the premise of many questions in the survey."", ""type"":""representatives""},{""content"":""The speaker suggests that the survey is biased."", ""type"":""expressives""}",The speaker suggests that the survey is biased.,expressives,uncertain,IMP,CAG,,,,,,
